,start,end
0,0,1504
1,1526,1993
2,1994,2051
3,2052,2246
4,2247,2259
5,2260,2702
6,2703,2762
7,2763,3159
8,3210,3359
9,3358,3829
10,3830,3881
11,3882,4056
12,4057,4098
13,4099,4661
14,4862,4911
15,4872,5032
16,5033,5072
17,5073,5459
18,5460,5522
19,5523,6211
20,6412,6561
21,6591,6799
22,7000,7049
23,7020,7389
24,7440,7589
25,7599,7898
26,7899,7931
27,7932,8290
28,8341,8490
29,8542,8929
30,8930,9003
31,9004,9200
32,9201,9246
33,9247,9946
34,10097,10146
35,10119,10847
36,10898,11047
37,11087,11579
38,11880,12029
39,12033,12513
40,12514,12579
41,12580,12798
42,12999,13148
43,13492,14271
44,14272,14291
45,14292,14474
46,14525,14674
47,14718,15162
48,15363,15412
49,15400,15634
50,15685,15834
51,16237,17053
52,17254,17303
53,17278,17765
54,17966,18015
55,18000,18162
56,18213,18362
57,18961,19510
58,19711,19860
59,20049,20394
60,20745,20894
61,20935,21342
62,21393,21542
63,21601,21983
64,22034,22183
65,22250,22839
66,23040,23089
67,23078,23673
68,23674,23813
69,23814,24633
70,24684,24833
71,24819,25480
72,25781,25930
73,26558,26716
74,26717,26772
75,26773,27237
76,27238,27268
77,27269,27429
78,27480,27629
79,27978,28274
80,28325,28474
81,28812,29559
82,29660,29809
83,29843,30392
84,30443,30592
85,30559,31308
86,31359,31508
87,31556,32386
88,32387,32438
89,32439,33015
90,33216,33265
91,33226,33653
92,33804,33853
93,33841,34347
94,34348,34393
95,34394,35401
96,35402,35551
97,35896,36582
98,36683,36832
99,36895,37161
100,37312,37361
101,37336,37738
102,37739,37888
103,37889,38409
104,38510,38659
105,38692,39163
106,39164,39311
107,39312,39785
108,39886,40035
109,40217,40631
110,40732,40881
111,40933,41579
112,41630,41779
113,41827,42185
114,42236,42385
115,42437,42955
116,43106,43255
117,43250,43737
118,43838,43987
119,44057,44552
120,44653,44802
121,45146,45799
122,45800,45894
123,45895,46484
124,46585,46734
125,46804,47139
126,47340,47489
127,47537,47922
128,47923,48072
129,48640,48790
130,48841,48990
131,49234,52859
